{"cameraMode":{"drawMode":0,"name":"Shaded","section":"Shading Mode"},"sceneLighting":false,"audioPlay":false,"sceneViewState":{"m_AlwaysRefresh":false,"showFog":true,"showSkybox":false,"showFlares":true,"showImageEffects":true,"showParticleSystems":true,"showVisualEffectGraphs":true,"m_FxEnabled":true},"in2DMode":false,"pivot":{"x":-0.48885923624038699,"y":-4.751671314239502,"z":0.16150695085525514},"rotation":{"x":0.09983234107494354,"y":0.8942148685455322,"z":-0.2492242157459259,"w":0.35819876194000246},"size":1.3920605182647706,"orthographic":false}